Workbook

Sheet Кандидати
A1: № на кандидат | B1: Клас | C1: Паралелка | D1: Име
A3: 101 | B3: 5 | C3: а | D3: Стефан Петров
A4: 102 | B4: 5 | C4: б | D4: Елена Иванова
A5: 103 | B5: 5 | C5: в | D5: Иван Димитров
A6: 104 | B6: 5 | C6: г | D6: Мария Попова
A7: 105 | B7: 6 | C7: а | D7: Димитър Георгиев
A8: 106 | B8: 6 | C8: б | D8: Ана Василева
A9: 107 | B9: 6 | C9: в | D9: Георги Костов
A10: 108 | B10: 6 | C10: г | D10: Катерина Ангелова
A11: 109 | B11: 7 | C11: а | D11: Николай Стефанов
A12: 110 | B12: 7 | C12: б | D12: Адриана Петрова
A13: 111 | B13: 7 | C13: в | D13: Иван Иванов
A14: 112 | B14: 7 | C14: г | D14: Мария Кирова
... A34: 132 | B34: 12 | C34: г | D34: Милена Желязкова

Sheet Кутия1
A1: № на кандидат | B1: Брой гласове
A2: 101 | B2: 7
A3: 102 | B3: 3
A4: 103 | B4: 6
A5: 104 | B5: 4
A6: 105 | B6: 4
A7: 106 | B7: 5
A8: 107 | B8: 9
A9: 108 | B9: 8
A10: 109 | B10: 9
A11: 110 | B11: 8
A12: 111 | B12: 9
A13: 112 | B13: 9
... A33: 132 | B33: 12
A34: общо | B34: =SUM(B2:B33) -> 280

Sheet Кутия2
A1: № на кандидат | B1: Брой гласове
A2: 101 | B2: 6
A3: 102 | B3: 5
A4: 103 | B4: 7
A5: 104 | B5: 8
A6: 105 | B6: 9
A7: 106 | B7: 8
A8: 107 | B8: 7
A9: 108 | B9: 9
A10: 109 | B10: 6
A11: 110 | B11: 9
A12: 111 | B12: 10
A13: 112 | B13: 14
... A33: 132 | B33: 12
A34: общо | B34: =SUM(B2:B33) -> 277

Sheet Кутия3
A1: № на кандидат | B1: Брой гласове
A2: 101 | B2: 9
A3: 102 | B3: 8
A4: 103 | B4: 7
A5: 104 | B5: 3
A6: 105 | B6: 6
A7: 106 | B7: 4
A8: 107 | B8: 6
A9: 108 | B9: 9
A10: 109 | B10: 8
A11: 110 | B11: 8
A12: 111 | B12: 9
A13: 112 | B13: 6
... A33: 132 | B33: 10
A34: общо | B34: =SUM(B2:B33) -> 268

Sheet Резултати
A1: № на кандидат | B1: Клас | C1: Паралелка | D1: Име | E1: Кутия 1 | F1: Кутия 2 | G1: Кутия 3 | H1: Общо | M1: Име | N1: Клас
A2: 101 | B2: =VLOOKUP(A2,Кандидати!A1:D34,2,0) -> 5 | C2: =VLOOKUP(A2,Кандидати!A1:D34,3,0) -> а | D2: =VLOOKUP(A2,Кандидати!A1:D34,4,0) -> Стефан Петров | E2: =VLOOKUP(A2,Кутия1!A1:B33,2,0) -> 7 | F2: =VLOOKUP(A2,Кутия2!A1:B33,2,0) -> 6 | G2: =VLOOKUP(A2,Кутия3!A1:B33,2,0) -> 9 | H2: =E2+F2+G2 -> 22
A3: 102 | B3: =VLOOKUP(A3,Кандидати!A2:D35,2,0) -> 5 | C3: =VLOOKUP(A3,Кандидати!A2:D35,3,0) -> б | D3: =VLOOKUP(A3,Кандидати!A2:D35,4,0) -> Елена Иванова | E3: =VLOOKUP(A3,Кутия1!A2:B34,2,0) -> 3 | F3: =VLOOKUP(A3,Кутия2!A2:B34,2,0) -> 5 | G3: =VLOOKUP(A3,Кутия3!A2:B34,2,0) -> 8 | H3: =E3+F3+G3 -> 16
A4: 103 | B4: =VLOOKUP(A4,Кандидати!A3:D36,2,0) -> 5 | C4: =VLOOKUP(A4,Кандидати!A3:D36,3,0) -> в | D4: =VLOOKUP(A4,Кандидати!A3:D36,4,0) -> Иван Димитров | E4: =VLOOKUP(A4,Кутия1!A3:B35,2,0) -> 6 | F4: =VLOOKUP(A4,Кутия2!A3:B35,2,0) -> 7 | G4: =VLOOKUP(A4,Кутия3!A3:B35,2,0) -> 7 | H4: =E4+F4+G4 -> 20
A5: 104 | B5: =VLOOKUP(A5,Кандидати!A4:D37,2,0) -> 5 | C5: =VLOOKUP(A5,Кандидати!A4:D37,3,0) -> г | D5: =VLOOKUP(A5,Кандидати!A4:D37,4,0) -> Мария Попова | E5: =VLOOKUP(A5,Кутия1!A4:B36,2,0) -> 4 | F5: =VLOOKUP(A5,Кутия2!A4:B36,2,0) -> 8 | G5: =VLOOKUP(A5,Кутия3!A4:B36,2,0) -> 3 | H5: =E5+F5+G5 -> 15
A6: 105 | B6: =VLOOKUP(A6,Кандидати!A5:D38,2,0) -> 6 | C6: =VLOOKUP(A6,Кандидати!A5:D38,3,0) -> а | D6: =VLOOKUP(A6,Кандидати!A5:D38,4,0) -> Димитър Георгиев | E6: =VLOOKUP(A6,Кутия1!A5:B37,2,0) -> 4 | F6: =VLOOKUP(A6,Кутия2!A5:B37,2,0) -> 9 | G6: =VLOOKUP(A6,Кутия3!A5:B37,2,0) -> 6 | H6: =E6+F6+G6 -> 19
A7: 106 | B7: =VLOOKUP(A7,Кандидати!A6:D39,2,0) -> 6 | C7: =VLOOKUP(A7,Кандидати!A6:D39,3,0) -> б | D7: =VLOOKUP(A7,Кандидати!A6:D39,4,0) -> Ана Василева | E7: =VLOOKUP(A7,Кутия1!A6:B38,2,0) -> 5 | F7: =VLOOKUP(A7,Кутия2!A6:B38,2,0) -> 8 | G7: =VLOOKUP(A7,Кутия3!A6:B38,2,0) -> 4 | H7: =E7+F7+G7 -> 17
A8: 107 | B8: =VLOOKUP(A8,Кандидати!A7:D40,2,0) -> 6 | C8: =VLOOKUP(A8,Кандидати!A7:D40,3,0) -> в | D8: =VLOOKUP(A8,Кандидати!A7:D40,4,0) -> Георги Костов | E8: =VLOOKUP(A8,Кутия1!A7:B39,2,0) -> 9 | F8: =VLOOKUP(A8,Кутия2!A7:B39,2,0) -> 7 | G8: =VLOOKUP(A8,Кутия3!A7:B39,2,0) -> 6 | H8: =E8+F8+G8 -> 22
A9: 108 | B9: =VLOOKUP(A9,Кандидати!A8:D41,2,0) -> 6 | C9: =VLOOKUP(A9,Кандидати!A8:D41,3,0) -> г | D9: =VLOOKUP(A9,Кандидати!A8:D41,4,0) -> Катерина Ангелова | E9: =VLOOKUP(A9,Кутия1!A8:B40,2,0) -> 8 | F9: =VLOOKUP(A9,Кутия2!A8:B40,2,0) -> 9 | G9: =VLOOKUP(A9,Кутия3!A8:B40,2,0) -> 9 | H9: =E9+F9+G9 -> 26
A10: 109 | B10: =VLOOKUP(A10,Кандидати!A9:D42,2,0) -> 7 | C10: =VLOOKUP(A10,Кандидати!A9:D42,3,0) -> а | D10: =VLOOKUP(A10,Кандидати!A9:D42,4,0) -> Николай Стефанов | E10: =VLOOKUP(A10,Кутия1!A9:B41,2,0) -> 9 | F10: =VLOOKUP(A10,Кутия2!A9:B41,2,0) -> 6 | G10: =VLOOKUP(A10,Кутия3!A9:B41,2,0) -> 8 | H10: =E10+F10+G10 -> 23
A11: 110 | B11: =VLOOKUP(A11,Кандидати!A10:D43,2,0) -> 7 | C11: =VLOOKUP(A11,Кандидати!A10:D43,3,0) -> б | D11: =VLOOKUP(A11,Кандидати!A10:D43,4,0) -> Адриана Петрова | E11: =VLOOKUP(A11,Кутия1!A10:B42,2,0) -> 8 | F11: =VLOOKUP(A11,Кутия2!A10:B42,2,0) -> 9 | G11: =VLOOKUP(A11,Кутия3!A10:B42,2,0) -> 8 | H11: =E11+F11+G11 -> 25
A12: 111 | B12: =VLOOKUP(A12,Кандидати!A11:D44,2,0) -> 7 | C12: =VLOOKUP(A12,Кандидати!A11:D44,3,0) -> в | D12: =VLOOKUP(A12,Кандидати!A11:D44,4,0) -> Иван Иванов | E12: =VLOOKUP(A12,Кутия1!A11:B43,2,0) -> 9 | F12: =VLOOKUP(A12,Кутия2!A11:B43,2,0) -> 10 | G12: =VLOOKUP(A12,Кутия3!A11:B43,2,0) -> 9 | H12: =E12+F12+G12 -> 28
A13: 112 | B13: =VLOOKUP(A13,Кандидати!A12:D45,2,0) -> 7 | C13: =VLOOKUP(A13,Кандидати!A12:D45,3,0) -> г | D13: =VLOOKUP(A13,Кандидати!A12:D45,4,0) -> Мария Кирова | E13: =VLOOKUP(A13,Кутия1!A12:B44,2,0) -> 9 | F13: =VLOOKUP(A13,Кутия2!A12:B44,2,0) -> 14 | G13: =VLOOKUP(A13,Кутия3!A12:B44,2,0) -> 6 | H13: =E13+F13+G13 -> 29
... A33: 132 | B33: =VLOOKUP(A33,Кандидати!A32:D65,2,0) -> 12 | C33: =VLOOKUP(A33,Кандидати!A32:D65,3,0) -> г | D33: =VLOOKUP(A33,Кандидати!A32:D65,4,0) -> Милена Желязкова | E33: =VLOOKUP(A33,Кутия1!A32:B64,2,0) -> 12 | F33: =VLOOKUP(A33,Кутия2!A32:B64,2,0) -> 12 | G33: =VLOOKUP(A33,Кутия3!A32:B64,2,0) -> 10 | H33: =E33+F33+G33 -> 34
H34: =SUM(H2:H33) -> 825

Sheet Резултати по класове
A1: Клас | B1: Брой гласове
A2: 12 | B2: 126
A3: 10 | B3: 118
A4: 9 | B4: 114
A5: 7 | B5: 105
A6: 8 | B6: 103
A7: 11 | B7: 102
A8: 6 | B8: 84
A9: 5 | B9: 73
A10: Grand Total | B10: 825
